{
    "week_db":[
    {
        "bunyang_index" : "1",
        "bunyang_tag":"오픈",
        "bunyang_title":"LH센트럴힐(공공임대)",
        "bunyang_addr":"송파구 문정동",
        "bunyang_part":"아파트",
        "bunyang_info":"공공임대",
        "bunyang_date":"2023.09 분양",
        "bunyang_in":"2025.02 입주",
        "bunyang_img":"./room/room1.jpg"
    },
    {
        "bunyang_index" : "2",
        "bunyang_tag":"오픈",
        "bunyang_title":"힐스테이트e편한세상파주",
        "bunyang_addr":"파주시 동패동",
        "bunyang_part":"아파트",
        "bunyang_info":"민간분양",
        "bunyang_date":"2023.11 분양",
        "bunyang_in":"2024.09 입주",
        "bunyang_img":"./room/room2.jpg"
    },
    {
        "bunyang_index" : "3",
        "bunyang_tag":"접수",
        "bunyang_title":"청주가경아이파크6단지",
        "bunyang_addr":"청주시 가경동",
        "bunyang_part":"아파트",
        "bunyang_info":"민간분양",
        "bunyang_date":"2023.12 분양",
        "bunyang_in":"2027.01 입주",
        "bunyang_img":"./room/room3.jpg"
    },
    {
        "bunyang_index" : "4",
        "bunyang_tag":"접수",
        "bunyang_title":"원봉공원힐데스하임",
        "bunyang_addr":"청주시 용암동",
        "bunyang_part":"아파트",
        "bunyang_info":"민간분양",
        "bunyang_date":"2023.12 분양",
        "bunyang_in":"2027.09 입주",
        "bunyang_img":"./room/room4.jpeg"
    },
    {
        "bunyang_index" : "5",
        "bunyang_tag":"오픈",
        "bunyang_title":"청계리버뷰자이(민간분양)",
        "bunyang_addr":"성동구 용답동",
        "bunyang_part":"아파트",
        "bunyang_info":"민간분양",
        "bunyang_date":"2023.12 분양",
        "bunyang_in":"2027.02 입주",
        "bunyang_img":"./room/room5.jpg"
    },
    {
       "bunyang_index" : "6",
        "bunyang_tag":"접수",
        "bunyang_title":"제일풍경채검단IV(AA22)",
        "bunyang_addr":"서구 원당동",
        "bunyang_part":"아파트",
        "bunyang_info":"민간분양",
        "bunyang_date":"2023.12 분양",
        "bunyang_in":"2027.02 입주",
        "bunyang_img":"./room/room6.jpg"
    },
    {
        "bunyang_index" : "7",
        "bunyang_tag":"접수",
        "bunyang_title":"소사역롯세캐슬더뉴엘",
        "bunyang_addr":"부천시 소사본동",
        "bunyang_part":"아파트",
        "bunyang_info":"민간분양",
        "bunyang_date":"2023.12 분양",
        "bunyang_in":"2027.08 입주",
        "bunyang_img":"./room/room7.jpg"
    },
    {
       "bunyang_index" : "8",
        "bunyang_tag":"접수",
        "bunyang_title":"삼익더랩소디",
        "bunyang_addr":"강서구 내발산동",
        "bunyang_part":"아파트",
        "bunyang_info":"민간분양",
        "bunyang_date":"2023.12 분양",
        "bunyang_in":"2024.01 입주",
        "bunyang_img":"./room/room8.jpg"
    }
  ]
  }